variations,price,rating_star,comment
['loáº¡i cÃ³ mÃ¹i'],[23500000000],5,Tonner hay hÃ ng khÃ¡c bÃªn Sonauth lÃºc nÃ o mÃ¬nh cÅ©ng ráº¥t yÃªn tÃ¢m. Khi Ä‘ang viáº¿t feedback nÃ y thÃ¬ mÃ¬nh cÅ©ng Ä‘ang mua 1 Ä‘á»‘ng Ä‘á»“ rá»“i. Má»›i Ä‘Ã¢y cÃ³ vá»¥ TO fa ke Ã½ :))) mÃ¬nh cÅ©ng thÃ­ch ráº» nma bÃ´i lÃªn máº·t Ä‘á»«ng ham ráº» nhÃ© mn Æ¡i. Ã  mÃ¬nh nháº­n hÃ ng khi trá»i náº¯ng nma há»™p Ä‘á»±ng Ä‘á»“ bá»‹ áº©m ah. May sp ko bá»‹ áº£nh hÆ°á»Ÿng.
['Loáº¡i khÃ´ng mÃ¹i'],[25000000000],5,Giao hÃ ng nhanh shop Ä‘Ã³ng gÃ³i ká»¹ cÃ ng ráº¥t Æ°ng áº¡ sáº£n pháº©m tá»‘t sáº½ táº¿u tá»¥c á»§ng há»™ ndkdknzksjsjbsmzjzbznjjsjsksjnxmzhxnzlsjzmakbsmKzbzmkBzlsisdhnejfnxkzkbzvejwkbsvxvxnKBbNznznznznxn
['Loáº¡i khÃ´ng mÃ¹i'],[25000000000],5,Mua nhiá»u láº§n cá»§a shop nÃªn khÃ¡ yÃªn tÃ¢m. Thá»i gian giao hÃ ng nhanh. Cháº¥t Ä‘áº·c hÆ¡n nÆ°á»›c 1 xÃ­u dÃ¹ng nhanh tháº¥m ko bá»‹ nhá»n trÃªn máº·t
['Loáº¡i khÃ´ng mÃ¹i'],[25000000000],5,"Giao hÃ ng nhanh, k hiá»ƒu sao ghtk ship hn thÃ¬ lÃ¢u mÃ  tá»‰nh thfi ráº¥t nhanh ğŸ˜‚ sp dÃ¹ng ok lÃ nh tÃ­nh, k mÃ¹i ncl á»•n"
['Loáº¡i khÃ´ng mÃ¹i'],[25000000000],5,"Shop chuáº©n bá»‹ hÃ ng nhanh láº¯m áº¡
ÄÃ³ng hÃ ng siÃªu cáº©n tháº­n luÃ´n
Sp cá»§a shop thÃ¬ yÃªn tÃ¢m r áº¡
Mong lÃ  há»£p da mÃ¬nh"
['Loáº¡i khÃ´ng mÃ¹i'],[25000000000],5,"dÃ¹ng Ä‘áº¿n chai thá»© 2 rÃ¹i, sp khÃ¡ oke giÃ¡ thÃ nh há»£p lÃ­ áº¡, cÃ³ mÃ£ sale cÃ¡i lÃ  pháº£i quáº¥t liá»n cÃ¡c bÃ¡c áº¡ ğŸ˜‚ğŸ˜‚ğŸ˜‚ğŸ˜‚ğŸ˜‚ğŸ˜‚"
['loáº¡i cÃ³ mÃ¹i'],[25000000000],5,"MÃ¬nh Ä‘Ã£ mua sang chai thá»© 2 r, toner nÃ y lÃ nh tÃ­nh, chá»‰ cáº¥p áº©m, phÃ¹ há»£p da hh Ä‘á»• vá» da khÃ´."
['Loáº¡i khÃ´ng mÃ¹i'],[25000000000],5,"Ship hÃ ng nhanh, Ä‘Ã³ng gÃ³i cáº©n tháº­n, ráº¥t Æ°ng, mua cá»§a shop nhiá»u rá»“i nÃªn yÃªn tÃ¢m ğŸ˜€"
['Loáº¡i khÃ´ng mÃ¹i'],[25000000000],5,"ÄÃ£ nháº­n Ä‘áº§y Ä‘á»§ hÃ ng nhÃ¡
Giao hÃ ng nhanh
Cháº¥t lÆ°á»£ng sáº£n pháº©m thÃ¬ khá»i bÃ n hihi"
['Loáº¡i khÃ´ng mÃ¹i'],[25000000000],5,Giao hÃ ng nhanh. Shop tráº£ lá»i tin nháº¯n nhanh. HÃ ng nháº­n giá»‘ng hÃ¬nh Ä‘Æ°á»£c mÃ´ táº£
['Loáº¡i khÃ´ng mÃ¹i'],[23500000000],5,"HÃ ng chuáº©n auth rá»“i, lÃºc nÃ o cÅ©ng yÃªn tÃ¢m vá» shop, á»§ng há»™ dÃ i dÃ i, cÃ²n vá» cÃ´ng dá»¥ng thÃ¬ nhÆ° pháº§n giá»›i thiá»‡u, Ä‘Ã³ng gÃ³i kÄ© cÃ ng."
['loáº¡i cÃ³ mÃ¹i'],[22500000000],5,"HÃ ng cháº¥t lÆ°á»£ng, giao hÃ ng nhanh, Ä‘Ã³ng gÃ³i cáº©n tháº­n, á»§ng há»™ shop dÃ i dÃ i"
['Loáº¡i khÃ´ng mÃ¹i'],[25000000000],5,"Sáº£n pháº©m chuáº©n, tá»‘t, shop uy tÃ­n láº¯m nhÃ©, hÃ¬nh áº£nh chá»‰ mang tÃ­nh nháº­n xu"
['Loáº¡i khÃ´ng mÃ¹i'],[22500000000],5,"Táº¡m Ä‘Æ°á»£c, sÄƒn sales nÃªn khÃ´ng Ä‘Ã²i há»i nhiá»u 
ÄÃ³ng gÃ³i cÅ©ng táº¡m Ã¡
Okila
"
['Loáº¡i khÃ´ng mÃ¹i'],[25000000000],5,"Shop giao hÃ ng nhanh, Ä‘Ã³ng gÃ³i cáº©n tháº­n, serum Ä‘áº·c hÆ¡n mÃ¬nh nghÄ©"
['Loáº¡i khÃ´ng mÃ¹i'],[25000000000],5,ÄÃ³ng gÃ³i sáº£n pháº©m ráº¥t Ä‘áº¹p vÃ  cháº¯c cháº¯n. Cháº¥t lÆ°á»£ng sáº£n pháº©m tá»‘t.
['Loáº¡i khÃ´ng mÃ¹i'],[22500000000],5,ÄÃ³ng gÃ³i sáº£n pháº©m ráº¥t Ä‘áº¹p vÃ  cháº¯c cháº¯n. Cháº¥t lÆ°á»£ng sáº£n pháº©m tá»‘t.
['Loáº¡i khÃ´ng mÃ¹i'],[25000000000],5,"Mua á»Ÿ shop ráº¥t nhiá»u láº§n vÃ¬ sp Æ°ng, giao hÃ ng nhanh, giÃ¡ cÅ©ng ok"
['Loáº¡i khÃ´ng mÃ¹i'],[23500000000],5,"Cháº¥t lÆ°á»£ng sáº£n pháº©m tá»‘t, Ä‘Ã³ng gÃ³i sáº£n pháº©m cháº¯c cháº¯nnnnnnnnn"
['Loáº¡i khÃ´ng mÃ¹i'],[25000000000],5,Mua hÃ ng á»Ÿ Son Auth thÃ¬ chÆ°a bao giá» pháº£i nghi ngá» vá» cháº¥t lÆ°á»£ng. Giao hÃ ng nhanh láº¯m luÃ´n ğŸ˜˜ğŸ˜˜
['Loáº¡i khÃ´ng mÃ¹i'],[23500000000],5,"HÃ ng ok
Giao hÃ ng lÃ¢uuuuuuuuuuuuuuuuuuuuuuuuuuuuuuuuuu"
['Loáº¡i khÃ´ng mÃ¹i'],[22500000000],5,"SÄƒn Ä‘á»£t sale nhÆ°ng mÃ  shop ship siÃªu nhanh. Toner dáº¡ng gel nhÆ°ng tháº¥m nhanh, cáº£m giÃ¡c cáº¥p áº©m tá»‘t hÆ¡n máº¥y dáº¡ng toner nÆ°á»›c."
['Loáº¡i khÃ´ng mÃ¹i'],[23500000000],5,Shop siÃªu nhiá»‡t tÃ¬nh há»— trá»£ Ä‘Æ¡n hÃ ng. Mua á»Ÿ son auth do cÃ³ n giá»›i thiá»‡u shop bÃ¡n Ä‘á»“ ráº¥t uy tÃ­n. Giao hÃ ng lÃ¢u do mÃ¬nh chá»n shopee express . Cháº¯c cháº¯n sáº½ mua láº¡i hÃ ng cá»§a shop. SiÃªu Æ°ng!!!!
['Loáº¡i khÃ´ng mÃ¹i'],[22500000000],5,"Giao hÃ ng cá»±c nhanh, Ä‘áº·t hqua hnay Ä‘Ã£ Ä‘áº¿n tay. Giao Ä‘Ãºng loáº¡i, sáº½ á»§ng há»™ tiáº¿p náº¿u dÃ¹ng há»£p"
['loáº¡i cÃ³ mÃ¹i'],[25000000000],5,Shop giao hÃ nh siÃªu nhanh. MÃ¹a dá»‹ch nÃ y mÃ  nháº­n hÃ ng vá»›i tá»‘c Ä‘á»™ tÃªn lá»­a áº¡
['Loáº¡i khÃ´ng mÃ¹i'],[23500000000],5,"Shop giao hÃ ng nhanh, Ä‘Ã³ng gÃ³i hÃ ng cáº©n tháº­n cÃ²n cÃ³ bill ná»¯a nha"
['Loáº¡i khÃ´ng mÃ¹i'],[23500000000],5,"MÃ¬nh dÃ¹ng chai nÃ y lÃ  chai thá»© 2 rá»“i, dÆ°á»¡ng áº©m cá»±c ká»³ ok, ráº¥t tá»‘t trong quÃ¡ trÃ¬nh trá»‹ má»¥n nha"
['loáº¡i cÃ³ mÃ¹i'],[24000000000],5,"Giao hÃ ng nhanh, shop nhiá»‡t tÃ¬nh. Sáº£n pháº©m cháº¥t lÆ°á»£ng tá»‘t, hÃ ng chuáº©n auth"
['Loáº¡i khÃ´ng mÃ¹i'],[25000000000],5,"Mua hÃ ng á»Ÿ Ä‘Ã¢y nhiá»u rá»“i áº¡
GiÃ¡ há»£p lÃ½, hÃ ng chuáº©n auth, toner hÆ¡i sá»n sá»‡t áº©m "
['Loáº¡i khÃ´ng mÃ¹i'],[23500000000],5,Ráº¥t ok! Ráº¥t uy tÃ­nnnn â¤ï¸â¤ï¸â¤ï¸â¤ï¸â¤ï¸ á»§ng há»™ lÃ¢u dÃ i. áº¢nh vÃ  video mang tchat minh hoáº¡
['loáº¡i cÃ³ mÃ¹i'],[24000000000],5,cáº§n gáº¥p nÃªn shop gá»­i ráº¥t nhanh áº¡ğŸ¥°ğŸ¥°ğŸ¥°ğŸ¥°
['Loáº¡i khÃ´ng mÃ¹i'],[25000000000],5,"Giao hÃ nh nhanh, Ä‘Ã³ng gÃ³i sáº£n pháº©m cháº¯n cháº¯n, ship hoáº£ tá»‘c nÃªn sau 30p lÃ  Ä‘Ã£ nhÃ¢n Ä‘c hÃ ng"
['Loáº¡i khÃ´ng mÃ¹i'],[22500000000],4,"MÃ¬nh Ä‘áº·t há»a tá»‘c , dáº·n shop ship luÃ´n 
NhÆ°ng pháº£i chá» Ä‘áº¿n táº­n hÃ´m sau má»›i nháº­n Ä‘Æ°á»£c ... ğŸ˜‚ğŸ˜…"
['Loáº¡i khÃ´ng mÃ¹i'],[23500000000],5,"Mua láº§n Ä‘áº§u toner Klairs cá»§a shop, ban Ä‘áº§u thÃ¬ Ä‘Ã³ng gÃ³i ok nhÆ°ng cáº§n thgian sá»­ dá»¥ng "
['loáº¡i cÃ³ mÃ¹i'],[24000000000],5,ráº¥t lÃ  thÃ­ch luÃ´nnnnnn n. nnnnnnnn nnnnnnnnnnnnnnnnnnnnnnnn nnnnnnnnnnnnn
['Loáº¡i khÃ´ng mÃ¹i'],[25000000000],5,"Today Iâ€™m here to talk about what sucess means to me. As you know, we all want success. We want to be successful and feel successful. Being successful can be viewed in many different ways, such as being happy, having a nice house, being rich, or having something to m"
['Loáº¡i khÃ´ng mÃ¹i'],[25000000000],5,"Mua láº§n t2 rá»“i áº¡, cháº¥t lÆ°á»£ng thÃ¬ khá»i pháº£i bÃ n lunnnn
100ddddd"
['loáº¡i cÃ³ mÃ¹i'],[24000000000],5,Em mua loáº¡i cÃ³ mÃ¹i mÃ  sá»‘p ğŸ¥² sao láº¡i giao loáº¡i khum mÃ¹i. ThÃ´i em dÃ¹ng thá»­ cÅ©ng Ä‘Æ°á»£c
['Loáº¡i khÃ´ng mÃ¹i'],[23500000000],5,Cháº¥t lÆ°á»£ng sáº£n pháº©m tuyá»‡t vá»i Thá»i gian giao hÃ nh nhanh Ráº¥t Ä‘Ã¡ng tiá»n
['Loáº¡i khÃ´ng mÃ¹i'],[25000000000],5,"LuÃ´n tin tÆ°á»Ÿng cháº¥t lÆ°á»£ng sáº£n pháº©m cá»§a shop. ÄÃ³ng gÃ³i cháº¯c cháº¯c, cáº­n tháº­n. Giao hÃ ng siÃªu nhanh"
['loáº¡i cÃ³ mÃ¹i'],[23500000000],5,"MÃ¬nh Ä‘Ã£ mua láº§n thá»© 2 á»Ÿ Ä‘Ã¢y
Cháº¥t lÆ°á»£ng tá»‘t
Giao hÃ ng nhanh. Sáº½ tiáº¿p tá»¥c á»§ng há»™
"
['Loáº¡i khÃ´ng mÃ¹i'],[23500000000],5,ChÆ°a bÃ³c hÃ ng nhÆ°ng váº«n tin tÆ°Æ¡ng shop áº¡. VÃ¬ má»¹ pháº©m cá»§a e toÃ n mua á»Ÿ sonaut thui áº¡ ğŸ˜‚
['Loáº¡i khÃ´ng mÃ¹i'],[23500000000],5,"HÃ ng Ä‘áº¹p, Ä‘Ã²ng gÃ³i cáº©n tháº­n
Mua á»Ÿ sonauth thÃ¬ ko bao giá» lo fake áº¡ ğŸ˜‚ğŸ˜‚ğŸ˜‚"
['loáº¡i cÃ³ mÃ¹i'],[25000000000],5,"MÃ¬nh lÃ  khÃ¡ch cá»§a nhÃ  Sonauth Ä‘Ã£ lÃ¢u nÃªn mua hÃ ng vÃ´ cÃ¹ng yÃªn tÃ¢m. Nhá» dá»‹ch lÆ°á»i Ä‘i láº¡i nÃªn mÃ¬nh chá»n mua ship shopee, giÃ¡ cáº£ sáº£n pháº©m váº«n há»£p lÃ½, ship nhanh. Very likeeeeeeee"
['loáº¡i cÃ³ mÃ¹i'],[23500000000],5,ÄÃ³ng giis. Cáº©n tháº­n giao hÃ ng tá»‘t dÃ¹ng láº§n Ä‘áº§u nÃªn chÆ°a review chÃ­nh xÃ¡c dc sáº£n pháº©m 
['Loáº¡i khÃ´ng mÃ¹i'],[25000000000],5,"Giao hÃ ng Ä‘Ãºng sá»‘ lÆ°á»£ng, Ä‘Ãºng sáº£n pháº©m, sáº£n pháº©m cÃ²n nguyÃªn váº¹n, gÃ³i hÃ ng cáº©n tháº­n"
['Loáº¡i khÃ´ng mÃ¹i'],[22500000000],5,"Sáº£n pháº©m toner dÃ¹ng khÃ¡ okiee, cÃ²n sá»¯a rá»­a máº·t mk chÆ°a dÃ¹ng nÃªn chÆ°a biáº¿t. ÄÃ³ng hÃ ng cháº¯c cháº¯n áº¡"
['Loáº¡i khÃ´ng mÃ¹i'],[22500000000],5,"Sau 1 tuáº§n dÃ¹ng thÃ¬ ko tháº¥y kÃ­ch á»©ng hay tÃ¡c dá»¥ng phá»¥ gÃ¬ cáº£. Cháº¥t gel nÃªn tháº¥m lÃ¢u hÆ¡i, khÃ´ng mÃ¹i."
['Loáº¡i khÃ´ng mÃ¹i'],[25000000000],5,"Shop Ä‘Ã³ng gÃ³i cáº©n tháº­n, láº¡i cÃ²n Ä‘c táº·ng thÃªm quÃ  ná»¯a. ğŸ˜ğŸ˜ cáº£m Æ¡n shop"
['Loáº¡i khÃ´ng mÃ¹i'],[22500000000],5,"MÃ¬nh mua quÃ¡ nhiá»u Ä‘á»“ cá»§a shop r , mÃ³n nÃ o cÅ©ng Æ°ng Ã½ háº¿t mÃ£i á»§ng há»™ shop"
['Loáº¡i khÃ´ng mÃ¹i'],[25000000000],5,HÃ¬nh áº£nh mang nháº­n xu 
['loáº¡i cÃ³ mÃ¹i'],[24000000000],5,"nÃ³i chung sáº£n pháº©m á»•n, mÃ¬nh tin tÆ°á»Ÿng vÃ¬ xem Ä‘Ã¡nh giÃ¡, hy vá»ng real, giao hÃ ng táº¡m Ä‘Æ°á»£cc"
['Loáº¡i khÃ´ng mÃ¹i'],[25000000000],5,"Giao hÃ ng nhanh
ÄÃ³ng gÃ³i sáº£n pháº©m cáº©n tháº­n
Ráº¥t tin tÆ°á»Ÿng vÃ  á»§ng há»™ shop"
['Loáº¡i khÃ´ng mÃ¹i'],[25000000000],5,Hcbnslaaojff nahdicslnf dhs haykkkkqns jabdgsbbafhjdsn 
['Loáº¡i khÃ´ng mÃ¹i'],[25000000000],5,ğŸ‘ŒğŸ»ğŸ‘ŒğŸ»ğŸ‘ŒğŸ»ğŸ‘ŒğŸ»ğŸ‘ŒğŸ»ğŸ‘ŒğŸ»ğŸ‘ŒğŸ»ğŸ‘ŒğŸ»ğŸ˜‰ğŸ˜‰ğŸ˜‰ğŸ˜‰ğŸ‘ŒğŸ»ğŸ‘ŒğŸ»ğŸ‘ŒğŸ»ğŸ‘ŒğŸ»ğŸ‘ŒğŸ»ğŸ‘ŒğŸ»ğŸ‘ŒğŸ»ğŸ‘ŒğŸ»ğŸ‘ŒğŸ»ğŸ‘ŒğŸ»ğŸ‘ŒğŸ»ğŸ‘ŒğŸ»ğŸ‘ŒğŸ»ğŸ‘ŒğŸ»ğŸ‘ŒğŸ»ğŸ‘ŒğŸ»ğŸ‘ŒğŸ»ğŸ‘ŒğŸ»
['Loáº¡i khÃ´ng mÃ¹i'],[22500000000],5,shop giao hang nhanh. mua cua shop nhieu lan roi ko co j phai che ca
['Loáº¡i khÃ´ng mÃ¹i'],[25000000000],5,mua á»Ÿ shop ráº¥c nhÃ¬u láº§n lun rá»“i áº¡ ^^ thÃ­ch nháº¥t cÃ¡i lÃ  cÃ³ now ship tiá»‡n cho nhá»¯ng ng cáº§n lun mÃ  lÆ°á»i Ä‘i ra ngoÃ i nhÆ° mÃ¬nh
['Loáº¡i khÃ´ng mÃ¹i'],[25000000000],5,ÄÃ¡nh giÃ¡ 5 sao cho shop. HÃ ng mua cá»§a shop thÃ¬ luÃ´n yÃªn tÃ¢m cháº¥t lÆ°á»£ng â¤ï¸â¤ï¸ğŸ˜ğŸ˜
['Loáº¡i khÃ´ng mÃ¹i'],[25000000000],5,"Toner tháº¥m nhanh, nhÃ¬n trong lá» sÃ¡nh nhÆ°ng test ra tay dáº¡ng lá»ng ráº¥t ok"
['Loáº¡i khÃ´ng mÃ¹i'],[25000000000],5,"Sp ok áº¡
ChuyÃªn quáº§n Ã¡o tráº» em cÃ¡c loáº¡i
Ib Ä‘á»ƒ cáº­p nháº­t fb cÃ¡c máº«u má»›i. Äáº£m báº£o ráº», Ä‘áº¹p, cháº¥t lÆ°á»£ng ğŸš’ğŸš’"
['Loáº¡i khÃ´ng mÃ¹i'],[22500000000],5,"Mua shop láº§n 2!!
Shop báº£o háº¿t tÃºi nÃªn hoÃ n mÃ¬nh 20k, mÃ  háº¥p táº¥p ko coi kÄ© r nt há»i shop ná»¯a chá»©ğŸ¥²hiu, cho em xl vÃ¬ sá»± nguk ngok nÃ yy!! HÃ ng bao chuáº©n nhá»›, shipper cá»±c thÃ¢n thiá»‡n, â­ï¸â­ï¸xNNN
"
['Loáº¡i khÃ´ng mÃ¹i'],[22500000000],5,LuÃ´n tin tÆ°á»Ÿng Ä‘á»“ cá»§a shop . ÄÃ£ mua ráº¥t nhiá»u láº§n k cáº§n check luÃ´n
['Loáº¡i khÃ´ng mÃ¹i'],[22500000000],5,MÃ¬nh dÃ¹ng toner nÃ y rá»“i báº£n cÃ³ mÃ¹i nhÃ© mua báº£n ko mÃ¹i dÃ¹ng thÃªm xem sao
['loáº¡i cÃ³ mÃ¹i'],[22500000000],5,"Giao hÃ ng nhanh, cháº¥t lÆ°á»£ng sáº£n pháº©m tá»‘t. Sáº½ á»§ng há»™ tiáº¿p cho shop ğŸ˜ğŸ˜ğŸ˜ğŸ˜ğŸ˜"
['Loáº¡i khÃ´ng mÃ¹i'],[22500000000],5,"KhÃ¡ ok nhÃ³ooo, má»—i tá»™i chÆ°a dÃ¹ng nÃªn chÆ°a biáº¿t cháº¥t lÆ°á»£ng ra lÃ m sao
Zzzzzzzzzzzz"
['Loáº¡i khÃ´ng mÃ¹i'],[22500000000],5,Giao hÃ ng siÃªu siÃªu nhanh .mk mua Ä‘á»“ cá»§a shop ráº¥t nhiá»u láº§n rá»“i .quÃ¡ okkk
['Loáº¡i khÃ´ng mÃ¹i'],[22500000000],5,"Mua hÃ ng shop nhiá»u láº§n rá»“i, láº§n nÃ o cÅ©ng Æ°ng, ráº¥t tin tÆ°á»Ÿng vÃ o sáº£n pháº©m cá»§a shop. Cáº£m Æ¡n shop"
['Loáº¡i khÃ´ng mÃ¹i'],[22500000000],5,
['Loáº¡i khÃ´ng mÃ¹i'],[22500000000],5,HÃ ng giao nhanh yocyocoyctocficicychvhlhvhoyodtoddyovlhvhv
['Loáº¡i khÃ´ng mÃ¹i'],[22500000000],5,"Mua hÃ ng táº¡i shop ráº¥t nhiá»u láº§n rá»“i luÃ´n yÃªn tÃ¢m. Video mang tÃ­nh cháº¥t nháº­n xu
"
['loáº¡i cÃ³ mÃ¹i'],[22500000000],5,"Toner bÃ´i ráº¥t tháº¥m, cáº¥p Ä‘á»§ áº©m , khÃ´ng bá»‹ khÃ´ sau 1 thá»i gian nhÆ° cÃ¡c ha khÃ¡c"
['Loáº¡i khÃ´ng mÃ¹i'],[22500000000],5,Ok ok ok ğŸ˜
['Loáº¡i khÃ´ng mÃ¹i'],[22500000000],5,"Cháº¥t lÆ°á»£ng sáº£n pháº©m tá»‘t, giao hÃ ng nhanh, Ä‘Ã³ng gÃ³i cáº©n tháº­n, cáº£m Æ¡n shop."
['Loáº¡i khÃ´ng mÃ¹i'],[22500000000],5,LuÃ´n mua hÃ ng cá»§a shop vÃ  tin tÆ°á»Ÿng shopâ¤ï¸ Em cáº£m Æ¡n shop nhiá»u nhÃ©
['Loáº¡i khÃ´ng mÃ¹i'],[25000000000],5,"HÃ ng chuáº©n, chuáº©n bá»‹ vÃ  giao hÃ ng ráº¥t nhanh chÃ³ng. Cháº¥t lÆ°á»£ng thÃ¬ sau khi dÃ¹ng mÃ¬nh sáº½ review sau."
['loáº¡i cÃ³ mÃ¹i'],[22080000000],5,"Giao hÃ ng nhanh, bá»c hÃ ng cáº©n tháº­n, ráº¥t tin tÆ°á»Ÿng son aunth, náº¿u cÃ³ tÃ¡c dá»¥ng sáº½ mua láº¡i"
['Loáº¡i khÃ´ng mÃ¹i'],[25000000000],5,"Giao hÃ ng siÃªu nhanh, Ä‘Ã³ng gÃ³i cháº¯c cháº¯n, ráº¥t Ä‘Ã¡ng tiá»n. Láº§n sau sáº½ á»§ng há»™ shop tiáº¿p"
['loáº¡i cÃ³ mÃ¹i'],[22080000000],5,Sáº£n pháº©m khÃ¡ lÃ nh tÃ­nh vÃ  an toÃ n cho da. MÃ¬nh sá»­ dá»¥ng váº«n chÆ°a tháº¥y kÃ­ch á»©ng gÃ¬. Tuy nhiÃªn má»›i dÃ¹ng nÃªn chÆ°a tháº¥y hiá»‡u quáº£ ngay
['Loáº¡i khÃ´ng mÃ¹i'],[25000000000],5,"Cháº¥t lÆ°á»£ng sáº£n pháº©m tuyá»‡t vá»i
ÄÃ³ng gÃ³i cháº¯c cháº¯n
KhÃ´ng bÄƒn ngoÄƒn gÃ¬ khi mua sonauth"
['Loáº¡i khÃ´ng mÃ¹i'],[25000000000],5,"Shipper giao siÃªu nhanh, siÃªu nhiá»‡t tÃ¬nh áº¡..............."
['loáº¡i cÃ³ mÃ¹i'],[22080000000],5,Toner khÃ´ng biáº¿t cÃ³ thá»ƒ cá»©u em khá»i cuá»™c Ä‘á»i xáº¥u xÃ­ nÃ y khÃ´ng mng áº¡
['Loáº¡i khÃ´ng mÃ¹i'],[25000000000],5,"áº¢nh vÃ  video chá»‰ mang tÃ­nh cháº¥t láº¥y xu thÃ´i áº¡ , giao hÃ ng siÃªu nhanh , siÃªu yÃªn tÃ¢m Ä‘á»“ cá»§a sonauth áº¡"
['Loáº¡i khÃ´ng mÃ¹i'],[25000000000],5,Giao 1 lá» toner thui nhÆ°ng shop váº«n Ä‘Ã³ng gÃ³i cáº©n tháº­n vÃ  ká»¹ tháº­t sá»±. Dass láº¡i xa ná»¯a chá»©. LuÃ´n á»§ng há»™ son aut áº¡ â¤ï¸
['Loáº¡i khÃ´ng mÃ¹i'],[25000000000],5,Mua hÃ ng cá»§a shop khÃ¡ nhiá»u láº§n rá»“i nÃªn ráº¥t an tÃ¢m. Giao hÃ ng nhanh chÃ³ng ná»¯a
['Loáº¡i khÃ´ng mÃ¹i'],[25000000000],5,"Giao hÃ ng nhanh, nhÃ¢n viÃªn nhiá»‡t tÃ¬nh mÃ¹i nhÆ° káº¹o Ã½ hxhxbxjsjkxb"
['loáº¡i cÃ³ mÃ¹i'],[22080000000],5,Giao hÃ ng siÃªu nhanh. HÃ´m trÆ°á»›c Ä‘áº·t hÃ´m sau Ä‘Ã£ cÃ³ ğŸ˜ tin tÆ°á»Ÿng nhÃ  SA ğŸ¥°
['loáº¡i cÃ³ mÃ¹i'],[24000000000],5,"Ok giao hÃ g  nhanhhh 
Tháº¥y m.n review hÃ ng ath nÃªn yÃªn tÃ¢m 
Sáº½ á»§ng há»™"
['loáº¡i cÃ³ mÃ¹i'],[24000000000],5,Sáº£n pháº©m nÃ y mÃ¬nh dÃ¹ng máº¥y trai liá»n rá»“i. Tháº¥y ráº¥t á»•nâ‚«:&:!:&&2!2â‚«:?:!:&/2&!/:&!.&292!2'Ä‘á»£bwjsjsbdjewodbxkkswbskxbkwwbx káº¹w sdjowjw áº¡owbwndodndheke dnsbdnrndbejwos dkd skkssnskkxbsksjsbwskcbkskwbwjskxbdwnoqnws dkkxdnkskakdx xnkdnsbskwjw dkxkxbskakakd dxmkskwjwbd
['Loáº¡i khÃ´ng mÃ¹i'],[25000000000],5,"ÄÃ³ng gÃ³i sáº£n pháº©m cáº©n tháº­n,cÃ³ hoÃ¡ Ä‘Æ¡n thanh toÃ¡n,giao hÃ ng nhanh"
['loáº¡i cÃ³ mÃ¹i'],[24000000000],5,
