name,variations,price,rating_star,comment
[TOP 1 SHOPEE] Kem máº¯t Simple Revitalising Eye Roll-On/ Soothing Eye Balm (Bill Anh),['Eye Roll-on'],[15900000000],5,"Minh bi tham mat nen mua TO thu xai, dong goi ki, hang co dan tem cua shop, minh xai thu ok thi se Ã¹n ho tiep"
[TOP 1 SHOPEE] Kem máº¯t Simple Revitalising Eye Roll-On/ Soothing Eye Balm (Bill Anh),['Eye Roll-on'],[15900000000],5,"Cáº£m giÃ¡c lÄƒn k dc mÆ°á»£t mÃ  láº¯m, k hiá»ƒu sao. ÄÃ³ng gÃ³i hÃ nh oki la, má»—i tá»™i shipper vá»©t tháº³ng gÃ³i hÃ ng vÃ o trong nhÃ  mÃ¬nh :("
[TOP 1 SHOPEE] Kem máº¯t Simple Revitalising Eye Roll-On/ Soothing Eye Balm (Bill Anh),['Eye Balm'],[15000000000],5,Mua lá» nÃ y á»Ÿ shop lÃ  lá» thá»© 2 rá»“i. Kem bÃ´i mÃ¡t vÃ  cÅ©ng hiá»‡u quáº£ giáº£m thÃ¢m ná»¯a
[TOP 1 SHOPEE] Kem máº¯t Simple Revitalising Eye Roll-On/ Soothing Eye Balm (Bill Anh),['Eye Roll-on'],[15900000000],5,Cháº¥t lÆ°á»£ng sáº£n pháº©m tuteejt vouwf hÃ ng chÃºh hÃ£ng nháº¥t Ä‘á»‹nh sáº½ mua ná»­a
[TOP 1 SHOPEE] Kem máº¯t Simple Revitalising Eye Roll-On/ Soothing Eye Balm (Bill Anh),['Eye Balm'],[15000000000],5,HÃ¬nh áº£nh khÃ´ng cÃ³ tÃ­nh cháº¥t tham kháº£o. Sáº£n pháº©m mua há»™p thá»© 5 rá»“i mn yÃªn tÃ¢m dÃ¹ng nhÃ©! DÆ°á»¡ng máº¯t cho khá»i bá»‹ cháº£y xá»‡ nÃ¨!!!!!!
[TOP 1 SHOPEE] Kem máº¯t Simple Revitalising Eye Roll-On/ Soothing Eye Balm (Bill Anh),['Eye Roll-on'],[15900000000],5,Giao hang nhanh .Sáº£n pháº©m ok .sáº½ tiáº¿p tá»¥c á»§ng há»™ shop.ráº¥t thÃ­ch hihi 
[TOP 1 SHOPEE] Kem máº¯t Simple Revitalising Eye Roll-On/ Soothing Eye Balm (Bill Anh),['Eye Roll-on'],[15900000000],5,TuÃ½p kem máº¯t bÃ© bÃ©  Ä‘á»£i dÃ¹ng má»›i  biáº¿t káº¿t quáº£ chá»› mÃ  máº¯t lÃ¢u láº¯m nÃªn cÅ©ng rÃ¡ng kiÃªn trÃ¬ áº¡ . Shop Ä‘Ã³ng hÃ ng cáº©n tháº­n.
[TOP 1 SHOPEE] Kem máº¯t Simple Revitalising Eye Roll-On/ Soothing Eye Balm (Bill Anh),['Eye Roll-on'],[15900000000],5,"CÃ¢y lÄƒn máº¯t cáº§m lÃªn bÃ© xÃ­u, cute, so vá»›i giÃ¡ thÃ nh lÃ  há»£p lÃ½, Ä‘á»§ dÃ¹ng. Cháº¥t vá» nÃ³ khÃ¡ nhÃ¡m, cáº§m ko mÆ°á»›t vs xin xÃ² láº¯m Ä‘Ã¢u. NhÆ°ng mÃ¬nh nghÄ© lÃ½ do lÃ  vÃ¬ simple luÃ´n pack sáº£n pháº©m thÃ¢n thiá»‡n vs mt nháº¥t cÃ³ thá»ƒ. 
"
[TOP 1 SHOPEE] Kem máº¯t Simple Revitalising Eye Roll-On/ Soothing Eye Balm (Bill Anh),['Eye Roll-on'],[15900000000],5,Cvibonpnucwwfjokbibibuvtickgcyoxfyxgivgicohvyicigcigvhk hl hk lh kh ho lh kh kh ho ut á»§ ho d lh itxtobof gi giig gj fl gi lj Ã¹ tezuecot lh gszyrog lhlh kg go udzitvohph ogxurj fk l utcticitctigocig gi igig gi
[TOP 1 SHOPEE] Kem máº¯t Simple Revitalising Eye Roll-On/ Soothing Eye Balm (Bill Anh),['Eye Roll-on'],[15900000000],5,mÃ¬nh chÆ°a rÃµ láº¯m vá» tÃ¡c dá»¥ng nhÆ°ng cháº¥t lÆ°á»£ng ok áº¡ ...........
[TOP 1 SHOPEE] Kem máº¯t Simple Revitalising Eye Roll-On/ Soothing Eye Balm (Bill Anh),['Eye Roll-on'],[15900000000],5,"Giao hÃ ng nhanh chÃ³ng.
ÄÃ³ng gÃ³i tiÃªu chuáº©n, cháº¯c cháº¯n.
Cháº¥t lÆ°á»£ng sáº£n pháº©m tá»‘t, nguá»“n gá»‘c rÃµ rÃ ng."
[TOP 1 SHOPEE] Kem máº¯t Simple Revitalising Eye Roll-On/ Soothing Eye Balm (Bill Anh),['Eye Roll-on'],[15900000000],5,ÄÃ³ng gÃ³i Ä‘áº¹p chÆ°a sd nÃªn chÆ°a biáº¿t tháº¿ nÃ o kakkakakakakakkakakakkakakaa
[TOP 1 SHOPEE] Kem máº¯t Simple Revitalising Eye Roll-On/ Soothing Eye Balm (Bill Anh),['Eye Roll-on'],[15900000000],5,"ÄÃ£ nháº­n Ä‘Æ°á»£c hÃ ng, giao hÃ ng nhanh hÃ ng cÃ³ váº» á»•n. Cáº£m Æ¡n shop nhiá»u nhaaaaaa"
[TOP 1 SHOPEE] Kem máº¯t Simple Revitalising Eye Roll-On/ Soothing Eye Balm (Bill Anh),['Eye Roll-on'],[15900000000],5,"ÄÃ³ng gÃ³i hÆ¡i mÃ³p mÃ©o, giao hÃ ng nhanhğŸ‘‹ğŸ‘‹ğŸ‘‹ğŸ‘‹ğŸ‘‹ğŸ‘‹ğŸ‘‹ğŸ‘‹ğŸ‘‹ğŸ‘‹ğŸ‘‹ğŸ‘‹ğŸ‘‹ğŸ‘‹ğŸ‘‹ğŸ‘‹ğŸ‘‹ğŸ‘‹ğŸ‘‹ğŸ‘‹"
[TOP 1 SHOPEE] Kem máº¯t Simple Revitalising Eye Roll-On/ Soothing Eye Balm (Bill Anh),['Eye Roll-on'],[15900000000],5,ChÆ°a xÃ i nhÆ°ng Ä‘Ã£ tá»«ng mua cá»§a shop vÃ  sá»¯a rá»­a máº·t ráº¥t cháº¥t lÆ°á»£ng.
[TOP 1 SHOPEE] Kem máº¯t Simple Revitalising Eye Roll-On/ Soothing Eye Balm (Bill Anh),['Eye Balm'],[15000000000],5,TuÃ½p bÃ© xÃ­u Ã . Shop Ä‘Ã³ng hÃ ng cáº©n tháº­n. Äá»£t nÃ y shop shopee cÅ©ng cao ná»¯a
[TOP 1 SHOPEE] Kem máº¯t Simple Revitalising Eye Roll-On/ Soothing Eye Balm (Bill Anh),['Eye Balm'],[15000000000],5,GiÃ¡o hÃ ng nhanh kem máº¯t xÃ i okee mÃ¬nh má»›i dÃ¹ng nÃªn chÆ°a biáº¿t hiá»‡u quáº£ nhÆ° tháº¿ nÃ o nhÆ°ng mÃ¬nh sáº½ á»•n 
[TOP 1 SHOPEE] Kem máº¯t Simple Revitalising Eye Roll-On/ Soothing Eye Balm (Bill Anh),['Eye Roll-on'],[15900000000],5,"ThÃ­ch sáº£n pháº©m cá»§a Simple vÃ¬ cháº¥t lÆ°á»£ng tá»‘t, slogan vÃ  tÃ´n chá»‰ cá»§a hÃ£ng vá»›i giÃ¡ thÃ nh siÃªu yÃªu. Shop bÃ¡n hÃ ng cÃ³ tÃ¢m, shipper cute. Kem tháº©m tháº¥u nhanh, khÃ´ng báº¿t dÃ­nh, má»m da. TuÃ½p lÄƒn máº¯t dÃ¹ng lÃªn khÃ¡ mÃ¡t, hÆ¡i xÃ³t tÃ½ xÃ­u cháº¯c do da mÃ¬nh nháº¡y cáº£m. Nch oke nÃªn mua"
[TOP 1 SHOPEE] Kem máº¯t Simple Revitalising Eye Roll-On/ Soothing Eye Balm (Bill Anh),['Eye Balm'],[15000000000],5,"Mua láº§n 2 rá»“i, tháº¥y khÃ¡ oki. Shop tráº£ lá»i nhiá»‡t tÃ¬nh, váº­n chuyá»ƒn nhanh!!!!!!!!!!!!!!!!!!!!!"
[TOP 1 SHOPEE] Kem máº¯t Simple Revitalising Eye Roll-On/ Soothing Eye Balm (Bill Anh),['Eye Balm'],[15000000000],5,"Biáº¿t Ä‘áº¿n shop lÃ  má»™t trong nhá»¯ng shop bÃ¡n hÃ ng má»¹ pháº©m uy tÃ­n nháº¥t shoppe, xong láº§n nÃ y táº¿t Ä‘áº·t thá»­. ThÃ¬ cháº¯c cÃ³ láº½ do táº¿t nÃªn nghá»‰ bÃ¡n Ä‘áº¿n táº§m mÃ¹ng 6 má»Ÿ láº¡i giao hÃ ng siÃªu nhanh luÃ´n, sÃ¡ng mÃ¹ng 7 Ä‘Ã£ nháº­n Ä‘Æ°á»£c rá»“i( cÃ²n Ä‘c lÃ¬ xÃ¬ luÃ´n) shop chuáº©n uy tÃ­n nhaaaaa, hÃ ng chÃ­nh hÃ£ng luÃ´n, sáº½ á»§ng há»™ dÃ iiii"
[TOP 1 SHOPEE] Kem máº¯t Simple Revitalising Eye Roll-On/ Soothing Eye Balm (Bill Anh),['Eye Balm'],[15000000000],5,
[TOP 1 SHOPEE] Kem máº¯t Simple Revitalising Eye Roll-On/ Soothing Eye Balm (Bill Anh),['Eye Roll-on'],[15900000000],5,"mua hÃ ng cÃ²n Ä‘Æ°á»£c lÃ¬ xÃ¬ Ä‘áº§u nÄƒm thÃ­ch quÃ¡
sáº½ á»§ng há»™ shop thÃªm
sp Æ°ng Ã½
chÃºc shop há»“ng phÃ¡t"
[TOP 1 SHOPEE] Kem máº¯t Simple Revitalising Eye Roll-On/ Soothing Eye Balm (Bill Anh),['Eye Roll-on'],[15900000000],5,Ä‘Ã³ngbg gÃ³i hÃ ng cáº©nbthaanj.ship vui váº».conf Ä‘Æ°á»£c shop lÃ¬ xÃ¬ ná»¯a
[TOP 1 SHOPEE] Kem máº¯t Simple Revitalising Eye Roll-On/ Soothing Eye Balm (Bill Anh),['Eye Roll-on'],[15900000000],5,"Sáº£n pháº©m dá»‹u nháº¹, giao hÃ ng thÃ¢n thiá»‡n. Tá»‘t"
[TOP 1 SHOPEE] Kem máº¯t Simple Revitalising Eye Roll-On/ Soothing Eye Balm (Bill Anh),['Eye Roll-on'],[15900000000],5,"Shop giao hÃ ng siÃªu siÃªu nhanh, Ä‘Ã³ng gÃ³i cáº©n tháº­n. Cháº¥t lÆ°á»£ng chÆ°a dÃ¹ng nÃªn chÆ°a Ä‘g Ä‘c."
[TOP 1 SHOPEE] Kem máº¯t Simple Revitalising Eye Roll-On/ Soothing Eye Balm (Bill Anh),['Eye Balm'],[15000000000],5,"Giao hÃ ng nhanh hÆ¡n mÃ¬nh tÆ°á»Ÿng, gÃ³i sáº£n pháº©m ká»¹. MÃ¬nh chÆ°a xÃ i nÃªn k biáº¿t cháº¥t lÆ°á»£ng nhÆ° tháº¿ nÃ o"
[TOP 1 SHOPEE] Kem máº¯t Simple Revitalising Eye Roll-On/ Soothing Eye Balm (Bill Anh),['Eye Balm'],[15000000000],5,HÃ¬nh áº£nh mang tÃ­nh cháº¥t nháº­n xu. Mmmmmmmmmmmmmmmmmmmmmmmmmm
[TOP 1 SHOPEE] Kem máº¯t Simple Revitalising Eye Roll-On/ Soothing Eye Balm (Bill Anh),['Eye Balm'],[15000000000],5,GÃ³i hÃ ng cáº©n tháº­n hÃ¢hhajsjjÄ‘bjdjÄ‘biebdbxhdjdjebdoznzjxbxjÄ‘nnxjxbcjdjebdjxbdndnxidjÃ©m
[TOP 1 SHOPEE] Kem máº¯t Simple Revitalising Eye Roll-On/ Soothing Eye Balm (Bill Anh),['Eye Roll-on'],[15900000000],5,"DÃ¹ng láº§n Ä‘áº§u tháº¥y hÆ¡i rÃ¡t hay do Ä‘Æ°á»ng viá»n sáº¯c nÃªn tháº¿, check thÃ¬ Ä‘Ãºng nhÆ°ng khÃ´ng biáº¿t cÃ³ hiá»‡u quáº£ tháº­t khÃ´ng "
[TOP 1 SHOPEE] Kem máº¯t Simple Revitalising Eye Roll-On/ Soothing Eye Balm (Bill Anh),['Eye Roll-on'],[15900000000],5,ok o. djdjjdkdkdmdndnd Ä‘áº·c biá»‡t shop táº·ng vc 20% yÃªu shopdjdjdkdkkdkdjdkdjdjjdjejejsjwowo2
[TOP 1 SHOPEE] Kem máº¯t Simple Revitalising Eye Roll-On/ Soothing Eye Balm (Bill Anh),['LÄƒn (Roll-on)'],[15900000000],5,"1. æˆ‘ä¸ºä½ å¥½å¥½å‡†å¤‡ä¸€æŸèŠ±å’Œä¸¤ä»¶ç¤¼ç‰©é€ç»™ä¸¤ä½å®¢äººã€‚
2. æˆ‘ä¸ºä½ å‡†å¤‡å¥½åƒçš„åˆé¥­ç»™ä¸¤ä½å®¢äººã€‚
3. æˆ‘ä¸ºä½ å‡†å¤‡é¢„å®šäº”æ˜Ÿçº§é…’åº—ç»™ä¸¤ä½å®¢äººã€‚
4. æˆ‘ä¸ºä½ å‡†å¤‡æ±½è½¦æ¥è½½ä¸¤ä½å®¢äººä»é£æœºåœºåˆ°é…’åº—ã€‚
5. æˆ‘ä¸ºä½ å‡†å¤‡ä¸€ä¸ªæ™šé¤å®´ä¼šæ‰€ä»¥æˆ‘ä»¬å¯ä»¥æœ‰æœºä¼šè°ˆè°ˆæˆ–è€…åšç”Ÿæ„é¡ºåˆ©ã€‚
"
[TOP 1 SHOPEE] Kem máº¯t Simple Revitalising Eye Roll-On/ Soothing Eye Balm (Bill Anh),['LÄƒn (Roll-on)'],[15900000000],5,"HÃ ng ráº¥t Ä‘áº¹p chuáº©n nha 
CÃ²n Ä‘c táº·ng phiáº¿u voucher
Check chuáº©n nÃ¨"
[TOP 1 SHOPEE] Kem máº¯t Simple Revitalising Eye Roll-On/ Soothing Eye Balm (Bill Anh),['LÄƒn (Roll-on)'],[15900000000],5,Kem máº¯t lÄƒn lÃªn khÃ¡ mÃ¡t. ÄÃ³ng gÃ³i hÃ ng kÄ© kh bá»‹ mÃ³p gÃ¬ cáº£. Sáº½ á»§ng há»™ láº§n 2
[TOP 1 SHOPEE] Kem máº¯t Simple Revitalising Eye Roll-On/ Soothing Eye Balm (Bill Anh),['Eye Roll-on'],[15900000000],5,"HÃ ng chÃ­nh hÃ£ng vÃ¬ lÃ  shop tá»« nÆ°á»›c ngoÃ i nÃªn yÃªn tÃ¢m mua.
GiÃ¡ cáº£ cÅ©ng ráº», sáº½ tiáº¿p tá»¥c á»§ng há»™ shop."
[TOP 1 SHOPEE] Kem máº¯t Simple Revitalising Eye Roll-On/ Soothing Eye Balm (Bill Anh),['Eye Balm'],[15000000000],5,Gud
[TOP 1 SHOPEE] Kem máº¯t Simple Revitalising Eye Roll-On/ Soothing Eye Balm (Bill Anh),['Eye Roll-on'],[15900000000],5,Hi vá»ng cÃ³ hiá»‡u quáº£ sau thá»i gian sá»­ dá»¥ng. HÃ ng táº¡o cáº£m giÃ¡c tá»‘t. MÃ¡t khi lÄƒn lÃªn máº¯t 
